<?xml version="1.0" encoding="UTF-8"?>
<endpoint name="IBM_MQ_CONNECTOR_RESPONSE_EP" xmlns="http://ws.apache.org/ns/synapse">
    <http method="get" uri-template="$FILE:IBMMQConnectorResponseEP">
        <suspendOnFailure>
            <initialDuration>-1</initialDuration>
            <progressionFactor>1.0</progressionFactor>
        </suspendOnFailure>
        <markForSuspension>
            <retriesBeforeSuspension>0</retriesBeforeSuspension>
        </markForSuspension>
    </http>
</endpoint>
