<?xml version="1.0" encoding="UTF-8"?>
<sequence name="FCCFT_FAULT_SEQUENCE" trace="disable" xmlns="http://ws.apache.org/ns/synapse">
    <log description="FAULT_START_LOG">
        <property name="FAULT_START_LOG" value="Executing Fault Sequence"/>
    </log>
    <payloadFactory description="ERROR_RESPONSE" media-type="xml">
        <format>
            <FCCFT xmlns="">
                <ERROR_PMNT>
                    <XREF>$1</XREF>
                    <ERROR>
                        <ECODE>$2</ECODE>
                        <EDESC>$3</EDESC>
                    </ERROR>
                </ERROR_PMNT>
            </FCCFT>
        </format>
        <args>
            <arg evaluator="xml" expression="$ctx:XREF"/>
            <arg evaluator="xml" expression="$ctx:ERROR_CODE"/>
            <arg evaluator="xml" expression="$ctx:ERROR_MESSAGE"/>
        </args>
    </payloadFactory>
    <property name="HTTP_SC" scope="axis2" type="STRING" value="500"/>
    <property description="application/json" name="messageType" scope="axis2" type="STRING" value="application/json"/>
    <respond/>
</sequence>
