<?xml version="1.0" encoding="UTF-8"?>
<sequence name="FCCFT_REQUEST_IN_SEQUENCE" trace="disable" xmlns="http://ws.apache.org/ns/synapse">
    <log description="FCCFT_REQUEST_START_LOG">
        <property name="FCCFT_REQUEST_START_LOG" value="Executing FCCFT Request In Sequence"/>
    </log>
    <property description="application/xml" name="messageType" scope="axis2" type="STRING" value="application/xml"/>
    <payloadFactory media-type="xml">
        <format>
            <FCCFT xmlns="">$1</FCCFT>
        </format>
        <args>
            <arg evaluator="xml" expression="//FCCFT/child::*[1]"/>
        </args>
    </payloadFactory>
    <log level="full">
        <property name="FCCRT_REQUEST_REQUEST_LOG" value="FCCRT_REQUEST_REQUEST_LOG"/>
    </log>
    <class name="tz.co.nbc.wso2.custommediators.NBCIBMMQMediator">
        <property name="operation" value="request"/>
        <property expression="get-property('file', 'ibm_mq_host')" name="host"/>
        <property expression="get-property('file', 'ibm_mq_port')" name="port"/>
        <property expression="get-property('file', 'ibm_mq_channel')" name="channel"/>
        <property expression="get-property('file', 'ibm_mq_queue_manager')" name="queueManager"/>
        <property expression="get-property('file', 'ibm_mq_request_queue')" name="requestQueue"/>
        <property expression="get-property('file', 'ibm_mq_request_queue')" name="responseQueue"/>
        <property expression="get-property('file', 'ibm_mq_error_queue')" name="errorQueue"/>
        <property expression="get-property('file', 'ibm_mq_response_queue_time_out')" name="responseQueueTimeout"/>
        <property expression="get-property('file', 'ibm_mq_ssl_cipher_suite')" name="sslCipherSuite"/>
        <property expression="get-property('file', 'ibm_mq_certificates_in_base64')" name="certificatesInBase64"/>
    </class>
    <switch description="Set response" source="$ctx:statusDescription">
        <case regex="Success">
            <payloadFactory media-type="xml">
                <format>
                    <FCCFT>
                        <REPLY_PMNT>
                            <MESSAGE>$1</MESSAGE>
                        </REPLY_PMNT>
                    </FCCFT>
                </format>
                <args>
                    <arg evaluator="xml" expression="$ctx:responseMessage"/>
                </args>
            </payloadFactory>
        </case>
        <default>
            <payloadFactory description="Response message" media-type="xml">
                <format>
                    <FCCFT>
                        <ERROR_PMNT>
                            <XREF/>
                            <ERROR>
                                <ECODE>$1</ECODE>
                                <EDESC>$2</EDESC>
                            </ERROR>
                        </ERROR_PMNT>
                    </FCCFT>
                </format>
                <args>
                    <arg evaluator="xml" expression="$ctx:statusCode"/>
                    <arg evaluator="xml" expression="$ctx:responseMessage"/>
                </args>
            </payloadFactory>
        </default>
    </switch>
    <property description="Http status code" expression="$ctx:statusCode" name="HTTP_SC" scope="axis2" type="STRING"/>
    <log level="full">
        <property name="FCCRT_REQUEST_RESPONSE_LOG" value="FCCRT_REQUEST_RESPONSE_LOG"/>
    </log>
    <property description="application/json" name="messageType" scope="axis2" type="STRING" value="application/json"/>
    <respond/>
</sequence>
