<?xml version="1.0" encoding="UTF-8"?>
<sequence name="FCCFT_RESPONSE_SEQUENCE" trace="disable" xmlns="http://ws.apache.org/ns/synapse">
    <log description="FCCFT_RESPONSE_START_LOG">
        <property name="FCCFT_RESPONSE_START_LOG" value="Executing FCCFT Response In Sequence"/>
    </log>
    <log level="full">
        <property name="FCCRT_RESPONSE_REQUEST_LOG" value="FCCRT_RESPONSE_REQUEST_LOG"/>
    </log>
    <class name="tz.co.nbc.wso2.custommediators.NBCIBMMQMediator">
        <property name="operation" value="response"/>
        <property expression="get-property('file', 'ibm_mq_host')" name="host"/>
        <property expression="get-property('file', 'ibm_mq_port')" name="port"/>
        <property expression="get-property('file', 'ibm_mq_channel')" name="channel"/>
        <property expression="get-property('file', 'ibm_mq_queue_manager')" name="queueManager"/>
        <property expression="get-property('file', 'ibm_mq_request_queue')" name="requestQueue"/>
        <property expression="get-property('file', 'ibm_mq_request_queue')" name="responseQueue"/>
        <property expression="get-property('file', 'ibm_mq_error_queue')" name="errorQueue"/>
        <property expression="get-property('file', 'ibm_mq_response_queue_time_out')" name="responseQueueTimeout"/>
        <property expression="get-property('file', 'ibm_mq_ssl_cipher_suite')" name="sslCipherSuite"/>
        <property expression="get-property('file', 'ibm_mq_certificates_in_base64')" name="certificatesInBase64"/>
    </class>
    <log level="full">
        <property name="FCCRT_RESPONSE_REQUEST_LOG" value="FCCRT_RESPONSE_REQUEST_LOG"/>
    </log>
    <switch description="Set response" source="$ctx:statusDescription">
        <case regex="Success">
            <property description="Http status code" name="HTTP_SC" scope="axis2" type="STRING" value="200"/>
            <payloadFactory description="Response message" media-type="xml">
                <format>
                    <FCCFT xmlns="">$1</FCCFT>
                </format>
                <args>
                    <arg evaluator="xml" expression="$ctx:responseMessage"/>
                </args>
            </payloadFactory>
        </case>
        <default>
            <property description="Http status code" name="HTTP_SC" scope="axis2" type="STRING" value="500"/>
            <payloadFactory description="Response message" media-type="xml">
                <format>
                    <FCCFT>
                        <ERROR_PMNT>
                            <XREF/>
                            <ERROR>
                                <ECODE>500</ECODE>
                                <EDESC>$1</EDESC>
                            </ERROR>
                        </ERROR_PMNT>
                    </FCCFT>
                </format>
                <args>
                    <arg evaluator="xml" expression="$ctx:responseMessage"/>
                </args>
            </payloadFactory>
        </default>
    </switch>
    <property description="Convert message to json" name="messageType" scope="axis2" type="STRING" value="application/json"/>
    <respond description="Respond"/>
</sequence>
