<?xml version="1.0" encoding="UTF-8"?><artifacts>
    <artifact name="FCCFTAPI_/v1" groupId="tz.nbc.fccft.wso2mi.api" version="/v1" type="synapse/api" serverRole="EnterpriseServiceBus">
        <file>src/main/synapse-config/api/FCCFTAPI_/v1.xml</file>
    </artifact>
    <artifact name="FCCFTAPI_/v1_swagger" groupId="tz.nbc.fccft.wso2mi.metadata" version="/v1" type="synapse/metadata" serverRole="EnterpriseServiceBus">
        <file>src/main/resources/metadata/FCCFTAPI_/v1_swagger.yaml</file>
    </artifact>
    <artifact name="FCCFTAPI_/v1_metadata" groupId="tz.nbc.fccft.wso2mi.metadata" version="/v1" type="synapse/metadata" serverRole="EnterpriseServiceBus">
        <file>src/main/resources/metadata/FCCFTAPI_/v1_metadata.yaml</file>
    </artifact>
    <artifact name="FCCFTAPI" groupId="tz.nbc.fccft.wso2mi.api" version="1.0.0" type="synapse/api" serverRole="EnterpriseServiceBus">
        <file>src/main/synapse-config/api/FCCFTAPI.xml</file>
    </artifact>
    <artifact name="FCCFTAPI_swagger" groupId="tz.nbc.fccft.wso2mi.metadata" version="1.0.0" type="synapse/metadata" serverRole="EnterpriseServiceBus">
        <file>src/main/resources/metadata/FCCFTAPI_swagger.yaml</file>
    </artifact>
    <artifact name="FCCFTAPI_metadata" groupId="tz.nbc.fccft.wso2mi.metadata" version="1.0.0" type="synapse/metadata" serverRole="EnterpriseServiceBus">
        <file>src/main/resources/metadata/FCCFTAPI_metadata.yaml</file>
    </artifact>
    <artifact name="IBM_MQ_CONNECTOR_REQUEST_EP" groupId="tz.nbc.fccft.wso2mi.endpoint" version="1.0.0" type="synapse/endpoint" serverRole="EnterpriseServiceBus">
        <file>src/main/synapse-config/endpoints/IBM_MQ_CONNECTOR_REQUEST_EP.xml</file>
    </artifact>
    <artifact name="IBM_MQ_CONNECTOR_RESPONSE_EP" groupId="tz.nbc.fccft.wso2mi.endpoint" version="1.0.0" type="synapse/endpoint" serverRole="EnterpriseServiceBus">
        <file>src/main/synapse-config/endpoints/IBM_MQ_CONNECTOR_RESPONSE_EP.xml</file>
    </artifact>
    <artifact name="FCCFT_FAULT_SEQUENCE" groupId="tz.nbc.fccft.wso2mi.sequence" version="1.0.0" type="synapse/sequence" serverRole="EnterpriseServiceBus">
        <file>src/main/synapse-config/sequences/FCCFT_FAULT_SEQUENCE.xml</file>
    </artifact>
    <artifact name="FCCFT_REQUEST_IN_SEQUENCE" groupId="tz.nbc.fccft.wso2mi.sequence" version="1.0.0" type="synapse/sequence" serverRole="EnterpriseServiceBus">
        <file>src/main/synapse-config/sequences/FCCFT_REQUEST_IN_SEQUENCE.xml</file>
    </artifact>
    <artifact name="FCCFT_RESPONSE_SEQUENCE" groupId="tz.nbc.fccft.wso2mi.sequence" version="1.0.0" type="synapse/sequence" serverRole="EnterpriseServiceBus">
        <file>src/main/synapse-config/sequences/FCCFT_RESPONSE_SEQUENCE.xml</file>
    </artifact>
</artifacts>
